id,roll_no,name,age
2,1001,natty,43
3,1002,Vincent,20
4,1003,Aaliyah,20
5,1004,Christophe,20
6,1005,Alice,20
7,1006,Mark,20
8,1007,Aalyza,19
9,10001,John Smith,18
10,10002,Emily Johnson,19
11,10003,Michael Brown,20
12,10004,Sarah Davis,18
13,10005,Daniel Wilson,19
14,10006,Jessica Lee,20
15,10007,David Miller,18
16,10008,Olivia Jones,19
17,10009,James Anderson,20
18,10010,Sophia Taylor,18
19,10011,Ethan Martinez,19
20,10012,Isabella Garcia,20
21,10013,Alexander Clark,18
22,10014,Ava Rodriguez,19
23,10015,William Hall,20
24,10016,Mia Martinez,18
25,10017,Benjamin Allen,19
26,10018,Charlotte White,20
27,10019,Samuel Young,18
28,10020,Amelia Scott,19
29,10021,Daniel Green,20
30,10022,Harper Harris,18
31,10023,Joseph Adams,19
32,10024,Grace Turner,20
33,10025,Christopher King,18
34,10026,Lily Perez,19
35,10027,Henry Martinez,20
36,10028,Sophia Hernandez,18
37,10029,Elijah Davis,19
38,10030,Ella Wilson,20
39,10031,Alexander Johnson,18
40,10032,Scarlett Smith,19
41,10033,William Anderson,20
42,10034,Amelia Brown,18
43,10035,Liam Taylor,19
44,10036,Evelyn Clark,20
45,10037,Jackson Jones,18
46,10038,Aria Miller,19
47,10039,Samuel Garcia,20
48,10040,Abigail Lee,18
49,10041,Owen Martin,19
50,10042,Sophia Adams,20
51,10043,Lucas Hall,18
52,10044,Mia Rodriguez,19
53,10045,Benjamin Martinez,20
54,10046,Emma Scott,18
55,10047,Ava Young,19
56,10048,Noah White,20
57,10049,Olivia Harris,18
58,10050,James Turner,19
59,10001,John Smith,18
60,10002,Emily Johnson,19
61,10003,Michael Brown,20
62,10004,Sarah Davis,18
63,10005,Daniel Wilson,19
64,10006,Jessica Lee,20
65,10007,David Miller,18
66,10008,Olivia Jones,19
67,10009,James Anderson,20
68,10010,Sophia Taylor,18
69,10011,Ethan Martinez,19
70,10012,Isabella Garcia,20
71,10013,Alexander Clark,18
72,10014,Ava Rodriguez,19
73,10015,William Hall,20
74,10016,Mia Martinez,18
75,10017,Benjamin Allen,19
76,10018,Charlotte White,20
77,10019,Samuel Young,18
78,10020,Amelia Scott,19
79,10021,Daniel Green,20
80,10022,Harper Harris,18
81,10023,Joseph Adams,19
82,10024,Grace Turner,20
83,10025,Christopher King,18
84,10026,Lily Perez,19
85,10027,Henry Martinez,20
86,10028,Sophia Hernandez,18
87,10029,Elijah Davis,19
88,10030,Ella Wilson,20
89,10031,Alexander Johnson,18
90,10032,Scarlett Smith,19
91,10033,William Anderson,20
92,10034,Amelia Brown,18
93,10035,Liam Taylor,19
94,10036,Evelyn Clark,20
95,10037,Jackson Jones,18
96,10038,Aria Miller,19
97,10039,Samuel Garcia,20
98,10040,Abigail Lee,18
99,10041,Owen Martin,19
100,10042,Sophia Adams,20
101,10043,Lucas Hall,18
102,10044,Mia Rodriguez,19
103,10045,Benjamin Martinez,20
104,10046,Emma Scott,18
105,10047,Ava Young,19
106,10048,Noah White,20
107,10049,Olivia Harris,18
108,10050,James Turner,19
